kernel_name,kernel_provider,kernel_operation_mode,metric_name,metric_unit,x_name,x_label,x_value,y_value_50,y_value_20,y_value_80,extra_benchmark_config_str,gpu_name,timestamp,liger_version
embedding,torch,forward,speed,ms,BT,total tokens,1024,0.02022000029683113,0.019951999187469482,0.020983999595046043,"{""hidden_size"": 4096, ""vocab_size"": 128256, ""dtype"": ""torch.bfloat16"", ""T"": 1024, ""bsz"": 1, ""seq_len"": 8192}",Ascend910_9382,2026-10-08 09:14:27,0.8.2
embedding,torch,forward,speed,ms,BT,total tokens,2048,0.03748000040650368,0.036959998309612274,0.038656000047922134,"{""hidden_size"": 4096, ""vocab_size"": 128256, ""dtype"": ""torch.bfloat16"", ""T"": 1024, ""bsz"": 1, ""seq_len"": 8192}",Ascend910_9382,2026-10-08 09:14:27,0.8.2
embedding,torch,forward,speed,ms,BT,total tokens,4096,0.08132000267505646,0.08081600069999695,0.08263999968767166,"{""hidden_size"": 4096, ""vocab_size"": 128256, ""dtype"": ""torch.bfloat16"", ""T"": 1024, ""bsz"": 1, ""seq_len"": 8192}",Ascend910_9382,2026-10-08 09:14:27,0.8.2
embedding,torch,forward,speed,ms,BT,total tokens,8192,0.16223999857902527,0.1617320030927658,0.1630599945783615,"{""hidden_size"": 4096, ""vocab_size"": 128256, ""dtype"": ""torch.bfloat16"", ""T"": 1024, ""bsz"": 1, ""seq_len"": 8192}",Ascend910_9382,2026-10-08 09:14:27,0.8.2
embedding,torch_compile,forward,speed,ms,BT,total tokens,1024,0.07430000603199005,0.06737600266933441,0.08203999698162079,"{""hidden_size"": 4096, ""vocab_size"": 128256, ""dtype"": ""torch.bfloat16"", ""T"": 1024, ""bsz"": 1, ""seq_len"": 8192}",Ascend910_9382,2026-10-08 09:14:50,0.8.2
embedding,torch_compile,forward,speed,ms,BT,total tokens,2048,0.1259399950504303,0.11960399895906448,0.13912400603294373,"{""hidden_size"": 4096, ""vocab_size"": 128256, ""dtype"": ""torch.bfloat16"", ""T"": 1024, ""bsz"": 1, ""seq_len"": 8192}",Ascend910_9382,2026-10-08 09:14:50,0.8.2
embedding,torch_compile,forward,speed,ms,BT,total tokens,4096,0.11977999657392502,0.11390399932861328,0.12850800156593323,"{""hidden_size"": 4096, ""vocab_size"": 128256, ""dtype"": ""torch.bfloat16"", ""T"": 1024, ""bsz"": 1, ""seq_len"": 8192}",Ascend910_9382,2026-10-08 09:14:50,0.8.2
embedding,torch_compile,forward,speed,ms,BT,total tokens,8192,0.16040000319480896,0.1597839891910553,0.16124799847602844,"{""hidden_size"": 4096, ""vocab_size"": 128256, ""dtype"": ""torch.bfloat16"", ""T"": 1024, ""bsz"": 1, ""seq_len"": 8192}",Ascend910_9382,2026-10-08 09:14:50,0.8.2
embedding,liger,forward,speed,ms,BT,total tokens,1024,0.018319999799132347,0.018160000443458557,0.018540000542998314,"{""hidden_size"": 4096, ""vocab_size"": 128256, ""dtype"": ""torch.bfloat16"", ""T"": 1024, ""bsz"": 1, ""seq_len"": 8192}",Ascend910_9382,2026-10-08 09:15:12,0.8.2
embedding,liger,forward,speed,ms,BT,total tokens,2048,0.035599999129772186,0.03531999886035919,0.03612400218844414,"{""hidden_size"": 4096, ""vocab_size"": 128256, ""dtype"": ""torch.bfloat16"", ""T"": 1024, ""bsz"": 1, ""seq_len"": 8192}",Ascend910_9382,2026-10-08 09:15:12,0.8.2
embedding,liger,forward,speed,ms,BT,total tokens,4096,0.07998000085353851,0.07969199866056442,0.08071999996900558,"{""hidden_size"": 4096, ""vocab_size"": 128256, ""dtype"": ""torch.bfloat16"", ""T"": 1024, ""bsz"": 1, ""seq_len"": 8192}",Ascend910_9382,2026-10-08 09:15:12,0.8.2
embedding,liger,forward,speed,ms,BT,total tokens,8192,0.1622599959373474,0.16183200478553772,0.16270799934864044,"{""hidden_size"": 4096, ""vocab_size"": 128256, ""dtype"": ""torch.bfloat16"", ""T"": 1024, ""bsz"": 1, ""seq_len"": 8192}",Ascend910_9382,2026-10-08 09:15:12,0.8.2
embedding,torch,backward,speed,ms,BT,total tokens,1024,4.407820224761963,4.407820224761963,4.407820224761963,"{""hidden_size"": 4096, ""vocab_size"": 128256, ""dtype"": ""torch.bfloat16"", ""T"": 1024, ""bsz"": 1, ""seq_len"": 8192}",Ascend910_9382,2026-10-08 09:15:35,0.8.2
embedding,torch,backward,speed,ms,BT,total tokens,2048,4.438990116119385,4.437099933624268,4.440880298614502,"{""hidden_size"": 4096, ""vocab_size"": 128256, ""dtype"": ""torch.bfloat16"", ""T"": 1024, ""bsz"": 1, ""seq_len"": 8192}",Ascend910_9382,2026-10-08 09:15:35,0.8.2
embedding,torch,backward,speed,ms,BT,total tokens,4096,4.493929862976074,4.4924116134643555,4.495448112487793,"{""hidden_size"": 4096, ""vocab_size"": 128256, ""dtype"": ""torch.bfloat16"", ""T"": 1024, ""bsz"": 1, ""seq_len"": 8192}",Ascend910_9382,2026-10-08 09:15:35,0.8.2
embedding,torch,backward,speed,ms,BT,total tokens,8192,4.600950241088867,4.59935998916626,4.602540016174316,"{""hidden_size"": 4096, ""vocab_size"": 128256, ""dtype"": ""torch.bfloat16"", ""T"": 1024, ""bsz"": 1, ""seq_len"": 8192}",Ascend910_9382,2026-10-08 09:15:35,0.8.2
embedding,torch_compile,backward,speed,ms,BT,total tokens,1024,4.415979862213135,4.41325569152832,4.418704032897949,"{""hidden_size"": 4096, ""vocab_size"": 128256, ""dtype"": ""torch.bfloat16"", ""T"": 1024, ""bsz"": 1, ""seq_len"": 8192}",Ascend910_9382,2026-10-08 09:15:57,0.8.2
embedding,torch_compile,backward,speed,ms,BT,total tokens,2048,4.43474006652832,4.433467864990234,4.436012268066406,"{""hidden_size"": 4096, ""vocab_size"": 128256, ""dtype"": ""torch.bfloat16"", ""T"": 1024, ""bsz"": 1, ""seq_len"": 8192}",Ascend910_9382,2026-10-08 09:15:57,0.8.2
embedding,torch_compile,backward,speed,ms,BT,total tokens,4096,4.491290092468262,4.48908805847168,4.4934916496276855,"{""hidden_size"": 4096, ""vocab_size"": 128256, ""dtype"": ""torch.bfloat16"", ""T"": 1024, ""bsz"": 1, ""seq_len"": 8192}",Ascend910_9382,2026-10-08 09:15:57,0.8.2
embedding,torch_compile,backward,speed,ms,BT,total tokens,8192,4.595210075378418,4.594099998474121,4.596320152282715,"{""hidden_size"": 4096, ""vocab_size"": 128256, ""dtype"": ""torch.bfloat16"", ""T"": 1024, ""bsz"": 1, ""seq_len"": 8192}",Ascend910_9382,2026-10-08 09:15:57,0.8.2
embedding,liger,backward,speed,ms,BT,total tokens,1024,3.6694600582122803,3.66890811920166,3.6700119972229004,"{""hidden_size"": 4096, ""vocab_size"": 128256, ""dtype"": ""torch.bfloat16"", ""T"": 1024, ""bsz"": 1, ""seq_len"": 8192}",Ascend910_9382,2026-10-08 09:16:19,0.8.2
embedding,liger,backward,speed,ms,BT,total tokens,2048,3.7145700454711914,3.713520050048828,3.7156200408935547,"{""hidden_size"": 4096, ""vocab_size"": 128256, ""dtype"": ""torch.bfloat16"", ""T"": 1024, ""bsz"": 1, ""seq_len"": 8192}",Ascend910_9382,2026-10-08 09:16:19,0.8.2
embedding,liger,backward,speed,ms,BT,total tokens,4096,3.8076400756835938,3.8069798946380615,3.808300018310547,"{""hidden_size"": 4096, ""vocab_size"": 128256, ""dtype"": ""torch.bfloat16"", ""T"": 1024, ""bsz"": 1, ""seq_len"": 8192}",Ascend910_9382,2026-10-08 09:16:19,0.8.2
embedding,liger,backward,speed,ms,BT,total tokens,8192,3.99399995803833,3.993232011795044,3.994767904281616,"{""hidden_size"": 4096, ""vocab_size"": 128256, ""dtype"": ""torch.bfloat16"", ""T"": 1024, ""bsz"": 1, ""seq_len"": 8192}",Ascend910_9382,2026-10-08 09:16:19,0.8.2
embedding,torch,full,speed,ms,BT,total tokens,1024,4.869779586791992,4.869671821594238,4.869887828826904,"{""hidden_size"": 4096, ""vocab_size"": 128256, ""dtype"": ""torch.bfloat16"", ""T"": 1024, ""bsz"": 1, ""seq_len"": 8192}",Ascend910_9382,2026-10-08 09:16:42,0.8.2
embedding,torch,full,speed,ms,BT,total tokens,2048,5.3302998542785645,5.3302998542785645,5.3302998542785645,"{""hidden_size"": 4096, ""vocab_size"": 128256, ""dtype"": ""torch.bfloat16"", ""T"": 1024, ""bsz"": 1, ""seq_len"": 8192}",Ascend910_9382,2026-10-08 09:16:42,0.8.2
embedding,torch,full,speed,ms,BT,total tokens,4096,6.248700141906738,6.248700141906738,6.248700141906738,"{""hidden_size"": 4096, ""vocab_size"": 128256, ""dtype"": ""torch.bfloat16"", ""T"": 1024, ""bsz"": 1, ""seq_len"": 8192}",Ascend910_9382,2026-10-08 09:16:42,0.8.2
embedding,torch,full,speed,ms,BT,total tokens,8192,8.073399543762207,8.073399543762207,8.073399543762207,"{""hidden_size"": 4096, ""vocab_size"": 128256, ""dtype"": ""torch.bfloat16"", ""T"": 1024, ""bsz"": 1, ""seq_len"": 8192}",Ascend910_9382,2026-10-08 09:16:42,0.8.2
embedding,torch_compile,full,speed,ms,BT,total tokens,1024,4.866620063781738,4.866283893585205,4.866955757141113,"{""hidden_size"": 4096, ""vocab_size"": 128256, ""dtype"": ""torch.bfloat16"", ""T"": 1024, ""bsz"": 1, ""seq_len"": 8192}",Ascend910_9382,2026-10-08 09:17:04,0.8.2
embedding,torch_compile,full,speed,ms,BT,total tokens,2048,5.33568000793457,5.33568000793457,5.33568000793457,"{""hidden_size"": 4096, ""vocab_size"": 128256, ""dtype"": ""torch.bfloat16"", ""T"": 1024, ""bsz"": 1, ""seq_len"": 8192}",Ascend910_9382,2026-10-08 09:17:04,0.8.2
embedding,torch_compile,full,speed,ms,BT,total tokens,4096,6.250860214233398,6.250860214233398,6.250860214233398,"{""hidden_size"": 4096, ""vocab_size"": 128256, ""dtype"": ""torch.bfloat16"", ""T"": 1024, ""bsz"": 1, ""seq_len"": 8192}",Ascend910_9382,2026-10-08 09:17:04,0.8.2
embedding,torch_compile,full,speed,ms,BT,total tokens,8192,8.072420120239258,8.072420120239258,8.072420120239258,"{""hidden_size"": 4096, ""vocab_size"": 128256, ""dtype"": ""torch.bfloat16"", ""T"": 1024, ""bsz"": 1, ""seq_len"": 8192}",Ascend910_9382,2026-10-08 09:17:04,0.8.2
embedding,liger,full,speed,ms,BT,total tokens,1024,4.123390197753906,4.121535778045654,4.125244140625,"{""hidden_size"": 4096, ""vocab_size"": 128256, ""dtype"": ""torch.bfloat16"", ""T"": 1024, ""bsz"": 1, ""seq_len"": 8192}",Ascend910_9382,2026-10-08 09:17:26,0.8.2
embedding,liger,full,speed,ms,BT,total tokens,2048,4.609760284423828,4.609256267547607,4.610263824462891,"{""hidden_size"": 4096, ""vocab_size"": 128256, ""dtype"": ""torch.bfloat16"", ""T"": 1024, ""bsz"": 1, ""seq_len"": 8192}",Ascend910_9382,2026-10-08 09:17:26,0.8.2
embedding,liger,full,speed,ms,BT,total tokens,4096,5.573619842529297,5.573619842529297,5.573619842529297,"{""hidden_size"": 4096, ""vocab_size"": 128256, ""dtype"": ""torch.bfloat16"", ""T"": 1024, ""bsz"": 1, ""seq_len"": 8192}",Ascend910_9382,2026-10-08 09:17:26,0.8.2
embedding,liger,full,speed,ms,BT,total tokens,8192,7.487840175628662,7.487840175628662,7.487840175628662,"{""hidden_size"": 4096, ""vocab_size"": 128256, ""dtype"": ""torch.bfloat16"", ""T"": 1024, ""bsz"": 1, ""seq_len"": 8192}",Ascend910_9382,2026-10-08 09:17:26,0.8.2
embedding,torch,full,memory,MB,BT,total tokens,1024,3039.52587890625,3039.52587890625,3039.52587890625,"{""hidden_size"": 4096, ""vocab_size"": 128256, ""dtype"": ""torch.bfloat16"", ""T"": 1024, ""bsz"": 1, ""seq_len"": 8192}",Ascend910_9382,2026-10-08 09:17:48,0.8.2
embedding,torch,full,memory,MB,BT,total tokens,2048,3055.54541015625,3055.54541015625,3055.54541015625,"{""hidden_size"": 4096, ""vocab_size"": 128256, ""dtype"": ""torch.bfloat16"", ""T"": 1024, ""bsz"": 1, ""seq_len"": 8192}",Ascend910_9382,2026-10-08 09:17:48,0.8.2
embedding,torch,full,memory,MB,BT,total tokens,4096,3087.58447265625,3087.58447265625,3087.58447265625,"{""hidden_size"": 4096, ""vocab_size"": 128256, ""dtype"": ""torch.bfloat16"", ""T"": 1024, ""bsz"": 1, ""seq_len"": 8192}",Ascend910_9382,2026-10-08 09:17:48,0.8.2
embedding,torch,full,memory,MB,BT,total tokens,8192,3151.7880859375,3151.7880859375,3151.7880859375,"{""hidden_size"": 4096, ""vocab_size"": 128256, ""dtype"": ""torch.bfloat16"", ""T"": 1024, ""bsz"": 1, ""seq_len"": 8192}",Ascend910_9382,2026-10-08 09:17:48,0.8.2
embedding,torch_compile,full,memory,MB,BT,total tokens,1024,3039.52587890625,3039.52587890625,3039.52587890625,"{""hidden_size"": 4096, ""vocab_size"": 128256, ""dtype"": ""torch.bfloat16"", ""T"": 1024, ""bsz"": 1, ""seq_len"": 8192}",Ascend910_9382,2026-10-08 09:18:10,0.8.2
embedding,torch_compile,full,memory,MB,BT,total tokens,2048,3055.54541015625,3055.54541015625,3055.54541015625,"{""hidden_size"": 4096, ""vocab_size"": 128256, ""dtype"": ""torch.bfloat16"", ""T"": 1024, ""bsz"": 1, ""seq_len"": 8192}",Ascend910_9382,2026-10-08 09:18:10,0.8.2
embedding,torch_compile,full,memory,MB,BT,total tokens,4096,3087.58447265625,3087.58447265625,3087.58447265625,"{""hidden_size"": 4096, ""vocab_size"": 128256, ""dtype"": ""torch.bfloat16"", ""T"": 1024, ""bsz"": 1, ""seq_len"": 8192}",Ascend910_9382,2026-10-08 09:18:10,0.8.2
embedding,torch_compile,full,memory,MB,BT,total tokens,8192,3151.7880859375,3151.7880859375,3151.7880859375,"{""hidden_size"": 4096, ""vocab_size"": 128256, ""dtype"": ""torch.bfloat16"", ""T"": 1024, ""bsz"": 1, ""seq_len"": 8192}",Ascend910_9382,2026-10-08 09:18:10,0.8.2
embedding,liger,full,memory,MB,BT,total tokens,1024,3022.0107421875,3022.0107421875,3022.0107421875,"{""hidden_size"": 4096, ""vocab_size"": 128256, ""dtype"": ""torch.bfloat16"", ""T"": 1024, ""bsz"": 1, ""seq_len"": 8192}",Ascend910_9382,2026-10-08 09:18:33,0.8.2
embedding,liger,full,memory,MB,BT,total tokens,2048,3038.0185546875,3038.0185546875,3038.0185546875,"{""hidden_size"": 4096, ""vocab_size"": 128256, ""dtype"": ""torch.bfloat16"", ""T"": 1024, ""bsz"": 1, ""seq_len"": 8192}",Ascend910_9382,2026-10-08 09:18:33,0.8.2
embedding,liger,full,memory,MB,BT,total tokens,4096,3070.0341796875,3070.0341796875,3070.0341796875,"{""hidden_size"": 4096, ""vocab_size"": 128256, ""dtype"": ""torch.bfloat16"", ""T"": 1024, ""bsz"": 1, ""seq_len"": 8192}",Ascend910_9382,2026-10-08 09:18:33,0.8.2
embedding,liger,full,memory,MB,BT,total tokens,8192,3134.0654296875,3134.0654296875,3134.0654296875,"{""hidden_size"": 4096, ""vocab_size"": 128256, ""dtype"": ""torch.bfloat16"", ""T"": 1024, ""bsz"": 1, ""seq_len"": 8192}",Ascend910_9382,2026-10-08 09:18:33,0.8.2
