kernel_name,kernel_provider,kernel_operation_mode,metric_name,metric_unit,x_name,x_label,x_value,y_value_50,y_value_20,y_value_80,extra_benchmark_config_str,gpu_name,timestamp,liger_version
embedding,torch,forward,speed,ms,BT,total tokens,1024,0.026250001043081284,0.02576800063252449,0.027140000835061073,"{""hidden_size"": 4096, ""vocab_size"": 128256, ""dtype"": ""torch.bfloat16"", ""T"": 1024, ""bsz"": 1, ""seq_len"": 8192}",Ascend910_9382,2026-10-07 09:32:18,0.8.2
embedding,torch,forward,speed,ms,BT,total tokens,2048,0.04573000222444534,0.04513999819755554,0.046539999544620514,"{""hidden_size"": 4096, ""vocab_size"": 128256, ""dtype"": ""torch.bfloat16"", ""T"": 1024, ""bsz"": 1, ""seq_len"": 8192}",Ascend910_9382,2026-10-07 09:32:18,0.8.2
embedding,torch,forward,speed,ms,BT,total tokens,4096,0.08721999824047089,0.08678799867630005,0.08802799880504608,"{""hidden_size"": 4096, ""vocab_size"": 128256, ""dtype"": ""torch.bfloat16"", ""T"": 1024, ""bsz"": 1, ""seq_len"": 8192}",Ascend910_9382,2026-10-07 09:32:18,0.8.2
embedding,torch,forward,speed,ms,BT,total tokens,8192,0.16388000547885895,0.16355599462985992,0.1644040048122406,"{""hidden_size"": 4096, ""vocab_size"": 128256, ""dtype"": ""torch.bfloat16"", ""T"": 1024, ""bsz"": 1, ""seq_len"": 8192}",Ascend910_9382,2026-10-07 09:32:18,0.8.2
embedding,torch_compile,forward,speed,ms,BT,total tokens,1024,0.10155999660491943,0.09301599860191345,0.10923200100660324,"{""hidden_size"": 4096, ""vocab_size"": 128256, ""dtype"": ""torch.bfloat16"", ""T"": 1024, ""bsz"": 1, ""seq_len"": 8192}",Ascend910_9382,2026-10-07 09:32:41,0.8.2
embedding,torch_compile,forward,speed,ms,BT,total tokens,2048,0.08662000298500061,0.07905600219964981,0.0908999964594841,"{""hidden_size"": 4096, ""vocab_size"": 128256, ""dtype"": ""torch.bfloat16"", ""T"": 1024, ""bsz"": 1, ""seq_len"": 8192}",Ascend910_9382,2026-10-07 09:32:41,0.8.2
embedding,torch_compile,forward,speed,ms,BT,total tokens,4096,0.09189999848604202,0.08655200153589249,0.10028000175952911,"{""hidden_size"": 4096, ""vocab_size"": 128256, ""dtype"": ""torch.bfloat16"", ""T"": 1024, ""bsz"": 1, ""seq_len"": 8192}",Ascend910_9382,2026-10-07 09:32:41,0.8.2
embedding,torch_compile,forward,speed,ms,BT,total tokens,8192,0.164560005068779,0.16419199109077454,0.16491200029850006,"{""hidden_size"": 4096, ""vocab_size"": 128256, ""dtype"": ""torch.bfloat16"", ""T"": 1024, ""bsz"": 1, ""seq_len"": 8192}",Ascend910_9382,2026-10-07 09:32:41,0.8.2
embedding,liger,forward,speed,ms,BT,total tokens,1024,0.024860000237822533,0.024460000917315483,0.025620000436902046,"{""hidden_size"": 4096, ""vocab_size"": 128256, ""dtype"": ""torch.bfloat16"", ""T"": 1024, ""bsz"": 1, ""seq_len"": 8192}",Ascend910_9382,2026-10-07 09:33:03,0.8.2
embedding,liger,forward,speed,ms,BT,total tokens,2048,0.04536999762058258,0.04501999914646149,0.04642000049352646,"{""hidden_size"": 4096, ""vocab_size"": 128256, ""dtype"": ""torch.bfloat16"", ""T"": 1024, ""bsz"": 1, ""seq_len"": 8192}",Ascend910_9382,2026-10-07 09:33:03,0.8.2
embedding,liger,forward,speed,ms,BT,total tokens,4096,0.08622000366449356,0.0858599990606308,0.08668000251054764,"{""hidden_size"": 4096, ""vocab_size"": 128256, ""dtype"": ""torch.bfloat16"", ""T"": 1024, ""bsz"": 1, ""seq_len"": 8192}",Ascend910_9382,2026-10-07 09:33:03,0.8.2
embedding,liger,forward,speed,ms,BT,total tokens,8192,0.16551999747753143,0.1650560051202774,0.16606399416923523,"{""hidden_size"": 4096, ""vocab_size"": 128256, ""dtype"": ""torch.bfloat16"", ""T"": 1024, ""bsz"": 1, ""seq_len"": 8192}",Ascend910_9382,2026-10-07 09:33:03,0.8.2
embedding,torch,backward,speed,ms,BT,total tokens,1024,4.404679775238037,4.404679775238037,4.404679775238037,"{""hidden_size"": 4096, ""vocab_size"": 128256, ""dtype"": ""torch.bfloat16"", ""T"": 1024, ""bsz"": 1, ""seq_len"": 8192}",Ascend910_9382,2026-10-07 09:33:25,0.8.2
embedding,torch,backward,speed,ms,BT,total tokens,2048,4.43140983581543,4.430779933929443,4.432039737701416,"{""hidden_size"": 4096, ""vocab_size"": 128256, ""dtype"": ""torch.bfloat16"", ""T"": 1024, ""bsz"": 1, ""seq_len"": 8192}",Ascend910_9382,2026-10-07 09:33:25,0.8.2
embedding,torch,backward,speed,ms,BT,total tokens,4096,4.481189727783203,4.479323863983154,4.48305606842041,"{""hidden_size"": 4096, ""vocab_size"": 128256, ""dtype"": ""torch.bfloat16"", ""T"": 1024, ""bsz"": 1, ""seq_len"": 8192}",Ascend910_9382,2026-10-07 09:33:25,0.8.2
embedding,torch,backward,speed,ms,BT,total tokens,8192,4.582890033721924,4.581264019012451,4.5845160484313965,"{""hidden_size"": 4096, ""vocab_size"": 128256, ""dtype"": ""torch.bfloat16"", ""T"": 1024, ""bsz"": 1, ""seq_len"": 8192}",Ascend910_9382,2026-10-07 09:33:25,0.8.2
embedding,torch_compile,backward,speed,ms,BT,total tokens,1024,4.406219959259033,4.405416011810303,4.407023906707764,"{""hidden_size"": 4096, ""vocab_size"": 128256, ""dtype"": ""torch.bfloat16"", ""T"": 1024, ""bsz"": 1, ""seq_len"": 8192}",Ascend910_9382,2026-10-07 09:33:47,0.8.2
embedding,torch_compile,backward,speed,ms,BT,total tokens,2048,4.431750297546387,4.429463863372803,4.4340362548828125,"{""hidden_size"": 4096, ""vocab_size"": 128256, ""dtype"": ""torch.bfloat16"", ""T"": 1024, ""bsz"": 1, ""seq_len"": 8192}",Ascend910_9382,2026-10-07 09:33:47,0.8.2
embedding,torch_compile,backward,speed,ms,BT,total tokens,4096,4.480879783630371,4.4786481857299805,4.48311185836792,"{""hidden_size"": 4096, ""vocab_size"": 128256, ""dtype"": ""torch.bfloat16"", ""T"": 1024, ""bsz"": 1, ""seq_len"": 8192}",Ascend910_9382,2026-10-07 09:33:47,0.8.2
embedding,torch_compile,backward,speed,ms,BT,total tokens,8192,4.588590145111084,4.587528228759766,4.589652061462402,"{""hidden_size"": 4096, ""vocab_size"": 128256, ""dtype"": ""torch.bfloat16"", ""T"": 1024, ""bsz"": 1, ""seq_len"": 8192}",Ascend910_9382,2026-10-07 09:33:47,0.8.2
embedding,liger,backward,speed,ms,BT,total tokens,1024,3.6611499786376953,3.660975933074951,3.6613240242004395,"{""hidden_size"": 4096, ""vocab_size"": 128256, ""dtype"": ""torch.bfloat16"", ""T"": 1024, ""bsz"": 1, ""seq_len"": 8192}",Ascend910_9382,2026-10-07 09:34:16,0.8.2
embedding,liger,backward,speed,ms,BT,total tokens,2048,3.7113699913024902,3.710416078567505,3.7123239040374756,"{""hidden_size"": 4096, ""vocab_size"": 128256, ""dtype"": ""torch.bfloat16"", ""T"": 1024, ""bsz"": 1, ""seq_len"": 8192}",Ascend910_9382,2026-10-07 09:34:16,0.8.2
embedding,liger,backward,speed,ms,BT,total tokens,4096,3.804180145263672,3.803351879119873,3.8050081729888916,"{""hidden_size"": 4096, ""vocab_size"": 128256, ""dtype"": ""torch.bfloat16"", ""T"": 1024, ""bsz"": 1, ""seq_len"": 8192}",Ascend910_9382,2026-10-07 09:34:16,0.8.2
embedding,liger,backward,speed,ms,BT,total tokens,8192,3.984879970550537,3.984351873397827,3.985408067703247,"{""hidden_size"": 4096, ""vocab_size"": 128256, ""dtype"": ""torch.bfloat16"", ""T"": 1024, ""bsz"": 1, ""seq_len"": 8192}",Ascend910_9382,2026-10-07 09:34:16,0.8.2
embedding,torch,full,speed,ms,BT,total tokens,1024,4.857759952545166,4.857135772705078,4.858384132385254,"{""hidden_size"": 4096, ""vocab_size"": 128256, ""dtype"": ""torch.bfloat16"", ""T"": 1024, ""bsz"": 1, ""seq_len"": 8192}",Ascend910_9382,2026-10-07 09:34:38,0.8.2
embedding,torch,full,speed,ms,BT,total tokens,2048,5.312240123748779,5.312240123748779,5.312240123748779,"{""hidden_size"": 4096, ""vocab_size"": 128256, ""dtype"": ""torch.bfloat16"", ""T"": 1024, ""bsz"": 1, ""seq_len"": 8192}",Ascend910_9382,2026-10-07 09:34:38,0.8.2
embedding,torch,full,speed,ms,BT,total tokens,4096,6.233799934387207,6.233799934387207,6.233799934387207,"{""hidden_size"": 4096, ""vocab_size"": 128256, ""dtype"": ""torch.bfloat16"", ""T"": 1024, ""bsz"": 1, ""seq_len"": 8192}",Ascend910_9382,2026-10-07 09:34:38,0.8.2
embedding,torch,full,speed,ms,BT,total tokens,8192,8.056719779968262,8.056719779968262,8.056719779968262,"{""hidden_size"": 4096, ""vocab_size"": 128256, ""dtype"": ""torch.bfloat16"", ""T"": 1024, ""bsz"": 1, ""seq_len"": 8192}",Ascend910_9382,2026-10-07 09:34:38,0.8.2
embedding,torch_compile,full,speed,ms,BT,total tokens,1024,4.851719856262207,4.848264217376709,4.855175971984863,"{""hidden_size"": 4096, ""vocab_size"": 128256, ""dtype"": ""torch.bfloat16"", ""T"": 1024, ""bsz"": 1, ""seq_len"": 8192}",Ascend910_9382,2026-10-07 09:35:00,0.8.2
embedding,torch_compile,full,speed,ms,BT,total tokens,2048,5.3084797859191895,5.3084797859191895,5.3084797859191895,"{""hidden_size"": 4096, ""vocab_size"": 128256, ""dtype"": ""torch.bfloat16"", ""T"": 1024, ""bsz"": 1, ""seq_len"": 8192}",Ascend910_9382,2026-10-07 09:35:00,0.8.2
embedding,torch_compile,full,speed,ms,BT,total tokens,4096,6.23144006729126,6.23144006729126,6.23144006729126,"{""hidden_size"": 4096, ""vocab_size"": 128256, ""dtype"": ""torch.bfloat16"", ""T"": 1024, ""bsz"": 1, ""seq_len"": 8192}",Ascend910_9382,2026-10-07 09:35:00,0.8.2
embedding,torch_compile,full,speed,ms,BT,total tokens,8192,8.065520286560059,8.065520286560059,8.065520286560059,"{""hidden_size"": 4096, ""vocab_size"": 128256, ""dtype"": ""torch.bfloat16"", ""T"": 1024, ""bsz"": 1, ""seq_len"": 8192}",Ascend910_9382,2026-10-07 09:35:00,0.8.2
embedding,liger,full,speed,ms,BT,total tokens,1024,4.119190216064453,4.116591930389404,4.121788024902344,"{""hidden_size"": 4096, ""vocab_size"": 128256, ""dtype"": ""torch.bfloat16"", ""T"": 1024, ""bsz"": 1, ""seq_len"": 8192}",Ascend910_9382,2026-10-07 09:35:22,0.8.2
embedding,liger,full,speed,ms,BT,total tokens,2048,4.601059913635254,4.597988128662109,4.604132175445557,"{""hidden_size"": 4096, ""vocab_size"": 128256, ""dtype"": ""torch.bfloat16"", ""T"": 1024, ""bsz"": 1, ""seq_len"": 8192}",Ascend910_9382,2026-10-07 09:35:22,0.8.2
embedding,liger,full,speed,ms,BT,total tokens,4096,5.570000171661377,5.570000171661377,5.570000171661377,"{""hidden_size"": 4096, ""vocab_size"": 128256, ""dtype"": ""torch.bfloat16"", ""T"": 1024, ""bsz"": 1, ""seq_len"": 8192}",Ascend910_9382,2026-10-07 09:35:22,0.8.2
embedding,liger,full,speed,ms,BT,total tokens,8192,7.489759922027588,7.489759922027588,7.489759922027588,"{""hidden_size"": 4096, ""vocab_size"": 128256, ""dtype"": ""torch.bfloat16"", ""T"": 1024, ""bsz"": 1, ""seq_len"": 8192}",Ascend910_9382,2026-10-07 09:35:22,0.8.2
embedding,torch,full,memory,MB,BT,total tokens,1024,3039.52587890625,3039.52587890625,3039.52587890625,"{""hidden_size"": 4096, ""vocab_size"": 128256, ""dtype"": ""torch.bfloat16"", ""T"": 1024, ""bsz"": 1, ""seq_len"": 8192}",Ascend910_9382,2026-10-07 09:35:43,0.8.2
embedding,torch,full,memory,MB,BT,total tokens,2048,3055.54541015625,3055.54541015625,3055.54541015625,"{""hidden_size"": 4096, ""vocab_size"": 128256, ""dtype"": ""torch.bfloat16"", ""T"": 1024, ""bsz"": 1, ""seq_len"": 8192}",Ascend910_9382,2026-10-07 09:35:43,0.8.2
embedding,torch,full,memory,MB,BT,total tokens,4096,3087.58447265625,3087.58447265625,3087.58447265625,"{""hidden_size"": 4096, ""vocab_size"": 128256, ""dtype"": ""torch.bfloat16"", ""T"": 1024, ""bsz"": 1, ""seq_len"": 8192}",Ascend910_9382,2026-10-07 09:35:43,0.8.2
embedding,torch,full,memory,MB,BT,total tokens,8192,3151.7880859375,3151.7880859375,3151.7880859375,"{""hidden_size"": 4096, ""vocab_size"": 128256, ""dtype"": ""torch.bfloat16"", ""T"": 1024, ""bsz"": 1, ""seq_len"": 8192}",Ascend910_9382,2026-10-07 09:35:43,0.8.2
embedding,torch_compile,full,memory,MB,BT,total tokens,1024,3039.52587890625,3039.52587890625,3039.52587890625,"{""hidden_size"": 4096, ""vocab_size"": 128256, ""dtype"": ""torch.bfloat16"", ""T"": 1024, ""bsz"": 1, ""seq_len"": 8192}",Ascend910_9382,2026-10-07 09:36:05,0.8.2
embedding,torch_compile,full,memory,MB,BT,total tokens,2048,3055.54541015625,3055.54541015625,3055.54541015625,"{""hidden_size"": 4096, ""vocab_size"": 128256, ""dtype"": ""torch.bfloat16"", ""T"": 1024, ""bsz"": 1, ""seq_len"": 8192}",Ascend910_9382,2026-10-07 09:36:05,0.8.2
embedding,torch_compile,full,memory,MB,BT,total tokens,4096,3087.58447265625,3087.58447265625,3087.58447265625,"{""hidden_size"": 4096, ""vocab_size"": 128256, ""dtype"": ""torch.bfloat16"", ""T"": 1024, ""bsz"": 1, ""seq_len"": 8192}",Ascend910_9382,2026-10-07 09:36:05,0.8.2
embedding,torch_compile,full,memory,MB,BT,total tokens,8192,3151.7880859375,3151.7880859375,3151.7880859375,"{""hidden_size"": 4096, ""vocab_size"": 128256, ""dtype"": ""torch.bfloat16"", ""T"": 1024, ""bsz"": 1, ""seq_len"": 8192}",Ascend910_9382,2026-10-07 09:36:05,0.8.2
embedding,liger,full,memory,MB,BT,total tokens,1024,3022.0107421875,3022.0107421875,3022.0107421875,"{""hidden_size"": 4096, ""vocab_size"": 128256, ""dtype"": ""torch.bfloat16"", ""T"": 1024, ""bsz"": 1, ""seq_len"": 8192}",Ascend910_9382,2026-10-07 09:36:27,0.8.2
embedding,liger,full,memory,MB,BT,total tokens,2048,3038.0185546875,3038.0185546875,3038.0185546875,"{""hidden_size"": 4096, ""vocab_size"": 128256, ""dtype"": ""torch.bfloat16"", ""T"": 1024, ""bsz"": 1, ""seq_len"": 8192}",Ascend910_9382,2026-10-07 09:36:27,0.8.2
embedding,liger,full,memory,MB,BT,total tokens,4096,3070.0341796875,3070.0341796875,3070.0341796875,"{""hidden_size"": 4096, ""vocab_size"": 128256, ""dtype"": ""torch.bfloat16"", ""T"": 1024, ""bsz"": 1, ""seq_len"": 8192}",Ascend910_9382,2026-10-07 09:36:27,0.8.2
embedding,liger,full,memory,MB,BT,total tokens,8192,3134.0654296875,3134.0654296875,3134.0654296875,"{""hidden_size"": 4096, ""vocab_size"": 128256, ""dtype"": ""torch.bfloat16"", ""T"": 1024, ""bsz"": 1, ""seq_len"": 8192}",Ascend910_9382,2026-10-07 09:36:27,0.8.2
